stimulation_id,time_ms,pc1,pc2,during_stimulation
0,-50.0,-0.8110934635589163,0.5325395810915716,False
0,-40.0,-0.911158572286749,0.625160866274781,False
0,-30.0,-0.3291410750384452,1.6345758150482497,False
0,-20.0,-0.5853223857988384,1.30650657049449,False
0,-10.0,-0.72089081879188,1.3987650125252118,False
0,0.0,-0.6303957151706121,1.388705672971203,True
0,10.0,-0.5871290607552085,1.8140114619117234,True
0,20.0,-0.790948997668612,1.3630168202712338,True
0,30.0,-0.8414473658484404,1.234342574914678,True
0,40.0,-0.8386825317395592,0.9526350256031969,True
0,50.0,-0.93060023426563,0.5495306560047775,True
0,60.0,-0.6412024564773472,0.9489205218994212,True
0,70.0,-0.6420483083493937,0.6022183876728744,True
0,80.0,-0.6567396139509336,0.39190732948949597,True
0,90.0,-0.37720889225558285,0.2600847539573905,True
0,100.0,0.3303179377387933,-0.37136225500715364,True
0,110.0,1.1071097798426728,0.027733284661887743,True
0,120.0,1.3056150254700412,0.2997136216920278,True
0,130.0,0.9633006782438798,0.4070052159906677,True
0,140.0,0.47032001961042297,0.7049127197814524,True
0,150.0,-0.18788845527274844,0.29604771344262476,True
0,160.0,-0.45202342091030306,0.43265538490910754,True
0,170.0,-0.4961608756564014,0.04158574207557542,True
0,180.0,0.1841759181867176,-0.30312711854979335,True
0,190.0,0.1435121108274398,-0.4562221776297091,True
0,200.0,0.448941595395513,-0.5668558706362088,True
0,210.0,0.5704860363152736,-0.9353419527974476,True
0,220.0,0.4512348839807331,-0.5278975415634192,True
0,230.0,0.4091293174396997,0.5680484367086899,True
0,240.0,0.8883346204801585,1.3959961929938671,True
0,250.0,0.21316874615085551,1.059007980907471,True
0,260.0,0.20341076978313677,1.4037153985026363,True
0,270.0,-0.19110112160249457,0.7738474320248339,True
0,280.0,-0.43409587900290225,-0.024710813956655385,True
0,290.0,-0.812003650948026,-0.4582269920178045,True
0,300.0,-1.187357347929896,-0.7806249482119627,True
0,310.0,-1.2072575932880376,-0.5510042976461444,True
0,320.0,-1.2693156138885697,-0.5266432046585077,True
0,330.0,-0.6508036215629371,-0.3427432836307959,True
0,340.0,-0.5068332711576975,0.1332050990074311,True
0,350.0,0.022391101115761796,1.0050322633303512,True
0,360.0,0.727663410666982,1.5677127245889173,True
0,370.0,2.110383830768228,1.9482350082774464,True
0,380.0,2.0749259391234607,1.403456752215158,True
0,390.0,1.7478320492847277,1.084402973460749,True
0,400.0,1.442751385336967,0.6758870332997355,True
0,410.0,0.3423897255796395,0.25349717743272393,True
0,420.0,0.7289947137184078,0.01097315320838369,True
0,430.0,0.23591225431536672,-0.1505795781156687,True
0,440.0,1.7715585467826451,0.15260515987245285,True
0,450.0,1.5377951798841076,0.4252613726405556,True
0,460.0,0.8349293974472171,0.6464602218742037,True
0,470.0,0.07059252276997155,0.411259020037478,True
0,480.0,-0.3725385799587591,-0.09249747693756326,True
0,490.0,-0.6942979726226882,-0.18042964779932916,True
0,500.0,0.21059339935992416,-0.23073371384304642,True
0,510.0,1.0890017109088512,0.14203628088285875,True
0,520.0,1.3052267824380874,0.352568303847327,True
0,530.0,0.7767083207778488,0.7774248715392902,True
0,540.0,-0.14620931251548436,0.19134185119062375,True
0,550.0,-0.19050867979658132,-0.022455668402746917,True
0,560.0,0.043733806256716974,-0.3225883039638012,True
0,570.0,0.2989546038431682,-0.17935148406791473,True
0,580.0,0.2710970657442233,0.6043973864149269,True
0,590.0,1.0140153232971865,1.0357642385150465,True
0,600.0,0.6948292758473352,1.578480686542649,True
0,610.0,0.035527627208810496,1.5526736948167217,True
0,620.0,-0.19754854424855742,1.4128070034640314,True
0,630.0,-0.6573953707138575,1.0717930715672999,True
0,640.0,-0.46462569535662845,0.8584423078803795,True
0,650.0,-0.34039733858340826,-0.06336435931467407,True
0,660.0,-0.24025419749303115,-0.359986234491462,True
0,670.0,0.33323483453650565,-0.6399198837068367,True
0,680.0,1.9422124104918377,-0.6451517215459505,True
0,690.0,1.8509948682146764,-0.7202353256663683,True
0,700.0,1.2833231808177876,-0.9046898068197388,True
0,710.0,0.5044140599866168,-0.22095040812509903,True
0,720.0,0.4892032512058235,-0.5363590633641777,True
0,730.0,0.7181202265141696,-0.7638444382740759,True
0,740.0,0.13874897774928943,-0.7393168362897465,True
0,750.0,0.09012432670954618,-0.757869877286885,True
0,760.0,0.03682502201231616,-1.0107936165041023,True
0,770.0,0.20524560678462353,-0.9922141727297104,True
0,780.0,0.2530608544757094,-0.6001483586095455,True
0,790.0,0.7109432087138505,-0.4279545918732012,True
0,800.0,0.8647771291481412,-0.6319348645681946,True
0,810.0,0.029536923670073434,-1.0571576866293722,True
0,820.0,-0.15625293062793835,-0.7718174269779532,True
0,830.0,-0.3510535617899851,-0.833644157051736,True
0,840.0,-0.7426258295843433,-0.9917491014454609,True
0,850.0,-0.802986157592892,-0.6653422181361294,True
0,860.0,-1.0021770014567457,-0.7483811017667991,True
0,870.0,-1.0717636658162906,-0.470454951374751,True
0,880.0,-0.818334048184842,0.06147959236785493,True
0,890.0,0.35756393711525364,-0.14781146936499603,True
0,900.0,1.291989217885645,0.09781687456389777,True
0,910.0,1.8320336762832061,0.017399096127374968,True
0,920.0,2.186456572806329,0.09000869926597024,True
0,930.0,2.7624118074429425,-0.17799028051618881,True
0,940.0,1.8424354540392331,0.29552331353381867,True
0,950.0,0.6713774172822539,0.29053549772557247,True
0,960.0,0.5850290944223397,1.032268116754131,True
0,970.0,0.7682963269487152,1.051031838409783,True
0,980.0,0.8101805671566624,0.5890406376275839,True
0,990.0,0.587263616706986,0.1604321378398052,True
0,1000.0,0.7381397093645788,0.12791323106720265,False
0,1010.0,0.28923921460712965,0.38293708952214595,False
0,1020.0,-0.11346480047949467,0.7979308571004466,False
0,1030.0,-0.08690380053982312,1.6821327815545208,False
0,1040.0,-0.4682003709479742,1.5213641607127877,False
0,1050.0,-0.5176435657303189,1.3814843371406085,False
0,1060.0,0.7662303826205827,1.0001756885503035,False
0,1070.0,0.7736111964901827,0.5569312772959081,False
0,1080.0,0.47910448360814,0.8073612516187447,False
0,1090.0,0.31754649027040616,1.354733642956962,False
1,-50.0,-0.3842698291952918,-0.2704232427136706,False
1,-40.0,-0.6204903483238304,0.20341348123201436,False
1,-30.0,-0.8895904221620358,0.20279255998955667,False
1,-20.0,-1.0794962051734225,0.21473915241871128,False
1,-10.0,-0.5811376947357045,-0.051401596284566954,False
1,0.0,-0.4992305142791466,-0.033708785142381244,True
1,10.0,-0.5035442593497256,0.12075883373910244,True
1,20.0,-0.03943530175282587,0.4095166003851219,True
1,30.0,0.7045764844560477,0.49844321813026493,True
1,40.0,0.7327359441335223,-0.1716375506393425,True
1,50.0,0.5150712561642535,-0.9122553420037126,True
1,60.0,-0.1279229107754336,-1.1510133362404522,True
1,70.0,0.7041206647469995,-2.0324071791022447,True
1,80.0,0.3111815367415727,-1.6320944997411553,True
1,90.0,-0.5560946419386379,-1.7837435619652768,True
1,100.0,-1.0733368225393782,-1.7709573173446906,True
1,110.0,-1.1248610106789316,-1.070294441482826,True
1,120.0,-1.0043711895411844,-0.36053567218352356,True
1,130.0,-1.0584166025641961,-0.43488531757579746,True
1,140.0,-1.137367177351323,-0.3481077026758497,True
1,150.0,-1.046487988588483,-0.07347430195517748,True
1,160.0,-1.13764642965004,0.1729731117602508,True
1,170.0,-1.1285993058679544,0.5213452651079553,True
1,180.0,-0.9205298879187629,0.7451678808779477,True
1,190.0,-0.72367642111921,0.7749802086168335,True
1,200.0,-0.19654714700418824,0.19228934726602576,True
1,210.0,0.9254899952354332,-1.300182214992986,True
1,220.0,1.1692065829149976,-1.4528290743866636,True
1,230.0,0.6103460597382102,-1.1728354990409013,True
1,240.0,0.024784460016814093,-0.7284839056538317,True
1,250.0,-0.2321998717983021,0.17698386933228272,True
1,260.0,-0.5359735923939422,0.7216030682030803,True
1,270.0,-0.824204990829213,0.4139683187183517,True
1,280.0,-1.2706375655323294,-0.44004618284237595,True
1,290.0,-1.3895535834350545,-0.7462198470410587,True
1,300.0,-1.4414310572036495,-0.8892105176678127,True
1,310.0,-1.128341788068809,-0.23743219810315563,True
1,320.0,-0.8649529334245872,0.0735960283682162,True
1,330.0,-0.7194075331331165,0.9783587878770063,True
1,340.0,-0.5899926987859555,1.179956694364909,True
1,350.0,0.06025536326540288,1.056718472321592,True
1,360.0,0.6235574042698696,0.9068081339668297,True
1,370.0,0.4263433835692956,1.1794468636295008,True
1,380.0,0.14058285277304597,1.6850966472674767,True
1,390.0,0.22712018935363495,1.2837028580918741,True
1,400.0,0.15237559297071746,0.9846482900443603,True
1,410.0,0.11865519920566886,0.9638510963580312,True
1,420.0,-0.1685138414670673,0.733513539944582,True
1,430.0,-0.4470533227765154,0.3782297520503009,True
1,440.0,-0.5905096491947939,0.5725322062870258,True
1,450.0,-0.566584569831601,1.136728393144427,True
1,460.0,-0.6446724333265359,1.3235875605142953,True
1,470.0,-0.5379632583102438,1.766116813051153,True
1,480.0,-0.6185016764993909,1.419404214692317,True
1,490.0,-0.9086664410368518,0.600693783837776,True
1,500.0,-0.7354302274084488,0.305190306396346,True
1,510.0,-0.5645244287214476,0.33210553575107626,True
1,520.0,-0.7018411947598161,0.09249871884608608,True
1,530.0,-0.7000534875869546,0.1738671735854488,True
1,540.0,-0.11715375003650412,0.2715779371356399,True
1,550.0,-0.19107730935925207,0.6803308009997618,True
1,560.0,-0.032603153619645754,1.407721216900286,True
1,570.0,-0.3862042461754733,1.0249517033574558,True
1,580.0,-0.8317235736505778,0.5982283876758374,True
1,590.0,-1.1192620031571587,0.04446957675640837,True
1,600.0,-1.125917642408213,-0.2584636727981558,True
1,610.0,-1.0858909302167339,-0.2937889737827074,True
1,620.0,-1.0823788192738566,-0.02669977838510073,True
1,630.0,-1.0057107414001731,0.11302397559936989,True
1,640.0,-0.9988560025478995,-0.027526786354084634,True
1,650.0,-0.9734191499608461,0.369829072971394,True
1,660.0,-0.9561090588614088,0.5543217825112093,True
1,670.0,-0.21503976626703883,0.7633283365513674,True
1,680.0,0.30236470174029967,0.9236373285125845,True
1,690.0,-0.07615894382103128,0.3395014995740052,True
1,700.0,-0.21117377834473436,0.30248098093510845,True
1,710.0,-0.64934873013773,-0.31435190753587544,True
1,720.0,-0.9262607103244486,-0.3849335137142846,True
1,730.0,-1.0921374333986051,-0.2341552655623093,True
1,740.0,-0.45417704018182153,-0.12736775086713548,True
1,750.0,0.13135542772072187,-0.00860724098954653,True
1,760.0,-0.17145171446916918,-0.15698508787568002,True
1,770.0,-0.5520227433273558,0.0273441545954663,True
1,780.0,-0.6480358734042165,0.1750249817503971,True
1,790.0,-0.1869791837716378,-0.024429360378837434,True
1,800.0,-0.29150312453076976,0.008048503362942343,True
1,810.0,-0.19705232678351492,0.5791562377969245,True
1,820.0,-0.33056621546623943,0.7128985845997319,True
1,830.0,-0.5261753269632052,0.4213775129177227,True
1,840.0,-0.5224692579797859,0.4785654122893542,True
1,850.0,-0.4915332587559311,0.8002324771955246,True
1,860.0,-0.6260028660886376,0.9160163658890662,True
1,870.0,-0.7059554472341111,0.9014496824733397,True
1,880.0,-0.47359024441174946,1.428842614519582,True
1,890.0,-0.551807066081641,1.2880319565452745,True
1,900.0,-0.367925163454883,1.6812882119728976,True
1,910.0,-0.27335603624820914,1.9846893247747035,True
1,920.0,-0.5763603642996225,1.3062415881486087,True
1,930.0,-0.619026270234128,1.2905779400554171,True
1,940.0,-0.6382706806808509,1.1378807652402545,True
1,950.0,-0.6160111055942068,0.7803915460995353,True
1,960.0,-0.6281446756959534,0.4631666830663208,True
1,970.0,-0.6412095020558818,0.5341747172421472,True
1,980.0,-0.7241587810562414,0.8396870539362107,True
1,990.0,-0.7330152169140483,1.0729448455389552,True
1,1000.0,-0.7082258345287842,1.205187890886426,False
1,1010.0,-0.6640322391620908,1.177037269063325,False
1,1020.0,-0.42983454222655654,0.9165835791270175,False
1,1030.0,-0.2020175475944086,1.2827382770706592,False
1,1040.0,-0.2673680148783051,1.0708776940234923,False
1,1050.0,0.3483476136432878,1.415546336901745,False
1,1060.0,0.6311460726705013,0.7838588618142771,False
1,1070.0,0.535845098509126,1.445700082505511,False
1,1080.0,0.3555565511868608,1.890524179000417,False
1,1090.0,-0.05462003990548242,1.1667038739308118,False
2,-50.0,-1.1210094510191255,-1.261955525214287,False
2,-40.0,-1.0066444279576128,-1.0039703754519538,False
2,-30.0,-0.8991739955440994,-0.6328022680107366,False
2,-20.0,-0.73852394774381,0.3326168923824293,False
2,-10.0,-0.7751024201329216,0.4790786567972613,False
2,0.0,-0.7734406602889258,0.38055218196648954,True
2,10.0,-0.5849017785777768,0.4672619419372729,True
2,20.0,-0.555762718048296,0.6944520493046582,True
2,30.0,0.14508694726243912,1.8570549406615107,True
2,40.0,0.23894801620670925,2.0028239563278003,True
2,50.0,0.263402520464333,1.7982076432484375,True
2,60.0,-0.17546718929502703,1.070438197092169,True
2,70.0,-0.3537404821262809,0.9351582820181019,True
2,80.0,1.3631244157648172,0.9220008548626489,True
2,90.0,0.8779324402450291,0.27385137675039745,True
2,100.0,0.6783208635789525,0.23279359501199773,True
2,110.0,0.24952117589641115,0.36816474949813516,True
2,120.0,-0.15966233358074167,0.1193327842808691,True
2,130.0,-0.25538349887050854,0.5573531107616119,True
2,140.0,-0.41465215577346326,0.6698167545633128,True
2,150.0,-0.5645738928924663,0.7281828764231074,True
2,160.0,-0.6846899207172931,0.21194211051153575,True
2,170.0,-0.5664870467696824,0.3307571683521986,True
2,180.0,-0.7033155997067941,-0.03602535400296619,True
2,190.0,-0.10301371851869197,0.8903867486201417,True
2,200.0,0.18884913716710403,1.1502395083208665,True
2,210.0,0.3793996407715701,1.7025767242783452,True
2,220.0,0.23271220867077866,1.6684981332106714,True
2,230.0,-0.2213436634725408,0.8010217045249282,True
2,240.0,-0.636548591246735,0.36012880454752944,True
2,250.0,-0.7878870730798714,0.032974973995889084,True
2,260.0,-0.7604987704409609,-0.0657156520726603,True
2,270.0,-0.7663444969065569,-0.37171361178054146,True
2,280.0,0.5060544302578724,-1.008075318064019,True
2,290.0,1.8224363062414484,-1.2598634417617844,True
2,300.0,1.8056080095018692,0.08096584221959441,True
2,310.0,0.7617405330377818,-0.30243257225652326,True
2,320.0,0.30894829526901274,0.43827227378534284,True
2,330.0,-0.20176374804732672,0.07790859609084576,True
2,340.0,-0.46772906979458695,0.13203392872475217,True
2,350.0,-0.3976462868769105,0.5321937671861171,True
2,360.0,-0.424830204084311,0.6560171845190447,True
2,370.0,-0.6501628619943307,0.23969466590128674,True
2,380.0,-0.7133674221781322,0.08559111186168997,True
2,390.0,-0.6805699207503381,0.11744540408948365,True
2,400.0,-0.6751444781171703,0.14802828049601624,True
2,410.0,-0.22927811597475642,0.9717524460033101,True
2,420.0,-0.08027480123062168,1.6334445503766741,True
2,430.0,0.12883313310387032,1.9047712748156083,True
2,440.0,-0.1316734146318203,0.9607256958765721,True
2,450.0,-0.38804189905871145,0.3228018929801787,True
2,460.0,-0.3321827042151905,0.6642230319289139,True
2,470.0,-0.023331342731391085,1.4736352721371726,True
2,480.0,0.07808607266724711,2.1044908708870764,True
2,490.0,0.2630809545746499,2.396075715806738,True
2,500.0,0.5203984016777085,2.5896402130277063,True
2,510.0,0.6738444961247886,2.9265334404160077,True
2,520.0,1.0133959089339053,3.003626749303701,True
2,530.0,1.3823385884132757,3.985138665393724,True
2,540.0,1.4333771176142522,4.3590590297928165,True
2,550.0,2.516801973025107,3.3156936320360977,True
2,560.0,2.306836343220581,2.9735464625036685,True
2,570.0,1.7093755125196919,2.2850273196334285,True
2,580.0,2.469845138859771,1.5596255353181485,True
2,590.0,3.5756296662247666,1.3601517632030038,True
2,600.0,4.144660803935867,1.1242323743983529,True
2,610.0,3.2940668641902686,1.6985314018070345,True
2,620.0,2.4314306981128277,2.37751477094374,True
2,630.0,1.69014865154687,2.895207571196094,True
2,640.0,3.9552904218868288,1.5181742482460352,True
2,650.0,7.296534452083502,-0.6959253501315205,True
2,660.0,8.541173789855977,-1.9460489112971533,True
2,670.0,7.559074887083749,-2.101219432388509,True
2,680.0,6.764726336333762,-1.2286944912482363,True
2,690.0,5.561269134740595,-1.0021098678438938,True
2,700.0,5.122427031211448,-0.46617318836023547,True
2,710.0,3.557391718954347,0.4462655824512444,True
2,720.0,1.9603601902961072,0.4902489709001474,True
2,730.0,1.0355604317195075,0.357135908555607,True
2,740.0,0.3947012485931013,0.28039770201287145,True
2,750.0,1.2988413053539263,-0.4204002789284177,True
2,760.0,2.2829523794033113,-0.9120901158373531,True
2,770.0,1.9315998885238463,-0.4765886907149623,True
2,780.0,5.4027413904157155,-1.4784116627817405,True
2,790.0,9.672267633256215,-3.2789953199643564,True
2,800.0,13.2307121684403,-4.506551254503118,True
2,810.0,12.249469732628324,-4.47899052623619,True
2,820.0,12.254688547984284,-4.146048977080666,True
2,830.0,11.274477676037913,-2.582850280490091,True
2,840.0,7.856174081326458,-0.4589048343513152,True
2,850.0,5.90681311628235,0.11960785465636367,True
2,860.0,4.84065707575942,0.41660299463083733,True
2,870.0,7.270521346288618,-0.40350832364588335,True
2,880.0,8.120070977447307,-1.2405913516030045,True
2,890.0,5.858333487861187,-0.5229961213039294,True
2,900.0,3.4714220452332087,-0.021025859915551164,True
2,910.0,1.484101167943194,0.2948299518682056,True
2,920.0,5.7066811266314,-1.7897554469100843,True
2,930.0,7.540502889412413,-2.3402387160398734,True
2,940.0,11.141258904674496,-3.2526128568199497,True
2,950.0,12.534674403705155,-3.391516952114733,True
2,960.0,11.783062915628014,-2.70044787683093,True
2,970.0,9.487779788205005,-1.0769650014819447,True
2,980.0,7.269496030727154,-0.19479135582061846,True
2,990.0,4.738917253917459,1.3968314314130421,True
2,1000.0,2.8562845885498267,1.747353492789899,False
2,1010.0,1.6641612596778181,1.556659185767957,False
2,1020.0,1.0011504623100502,1.354961846614376,False
2,1030.0,0.5405099468862717,1.216966613134121,False
2,1040.0,0.8098911789682478,2.0631058209359683,False
2,1050.0,3.362584068426837,0.972664267526455,False
2,1060.0,8.14345850399625,-1.2179361662951198,False
2,1070.0,8.092681737155912,-1.5611599560882483,False
2,1080.0,6.866370742425275,-1.2265665257619298,False
2,1090.0,7.957217348562283,-2.488031889445889,False
3,-50.0,-1.384564653015047,-0.5045639462357929,False
3,-40.0,-1.531729369169978,-0.8548391507525386,False
3,-30.0,-1.6938771761461127,-1.447525006698828,False
3,-20.0,-1.6535346537838198,-1.331321984308211,False
3,-10.0,-1.3289696162974385,-0.554421982544127,False
3,0.0,-1.4183348359390957,-0.6070337807268665,True
3,10.0,-1.400096055157993,-0.11547479708852947,True
3,20.0,-0.7052327385781202,0.7360490303912118,True
3,30.0,-0.763162063325143,0.5705983759837153,True
3,40.0,-0.887311392968855,0.3889441642842884,True
3,50.0,-1.2175005998091153,-0.07095650263279947,True
3,60.0,-1.3924947004841866,-0.37640575582968017,True
3,70.0,-0.9949862196907683,-0.0921306667522045,True
3,80.0,-0.5035383663960125,0.15916550377135866,True
3,90.0,-0.30042359181668615,-0.046023361448640936,True
3,100.0,-0.5470496868133456,-0.059226208415265595,True
3,110.0,-0.010269663648134433,0.41944606873860724,True
3,120.0,-0.45212048673676675,0.25178690341099186,True
3,130.0,-0.43092255920205674,0.5255492730275301,True
3,140.0,-0.44566406206607334,0.1454240730704092,True
3,150.0,0.5403477940146878,0.99346621937911,True
3,160.0,0.3583590926302412,1.3783052927250623,True
3,170.0,-0.030525866372313734,0.8347086535521353,True
3,180.0,0.05667968501864048,0.5098270970734233,True
3,190.0,0.031164202306869185,0.152991076573287,True
3,200.0,-0.46682475563658016,-0.3012595451111216,True
3,210.0,-0.4701854613585812,-0.006950946412730661,True
3,220.0,-0.6982822075897485,-0.15278346165554468,True
3,230.0,-0.7745940441593069,-0.131532190659929,True
3,240.0,-0.7723872095589027,0.09162265150068233,True
3,250.0,-0.9097327389769043,-0.1804648356773233,True
3,260.0,-0.8427678446954088,0.16924633085773333,True
3,270.0,-0.313793366865786,0.6639184938937885,True
3,280.0,-0.4034621220686754,0.6878489796092305,True
3,290.0,-0.7596011324439457,0.34761987721231685,True
3,300.0,-0.0036620663929798902,-0.5208687546482832,True
3,310.0,0.37342375531695365,-0.1875838703277267,True
3,320.0,0.3751826227147382,-0.2709084810610149,True
3,330.0,0.28630865511200315,-0.26872851052983604,True
3,340.0,0.35804240179398356,0.3311605036595321,True
3,350.0,0.7059815278480288,0.38255194338359133,True
3,360.0,0.8818774481203944,0.1381725541672081,True
3,370.0,0.8364639095480872,-0.197141976643996,True
3,380.0,0.5384944456047263,-0.172619839102854,True
3,390.0,0.34369527039908393,-0.5908408500419494,True
3,400.0,0.397595489662225,-0.9185115834189962,True
3,410.0,0.6622470191064561,-0.22675358478203841,True
3,420.0,1.0320982318193286,-0.0016752086597270279,True
3,430.0,0.4797710109067781,-0.4777898969084224,True
3,440.0,0.04480515547412968,0.09184271632525856,True
3,450.0,-0.16783683175714828,0.46483053226995663,True
3,460.0,-0.1679718453340673,0.2918812879542803,True
3,470.0,-0.1040802170628747,0.08844477443741046,True
3,480.0,0.12340176086358515,-0.1290585051783064,True
3,490.0,-0.2889318281622962,-0.0248709077074498,True
3,500.0,-0.5909075145375218,0.2198765348681179,True
3,510.0,-0.8780040294841058,0.17445971340010366,True
3,520.0,-0.8341241309675189,0.42100964095049753,True
3,530.0,-1.0463731531754634,0.3430813094371879,True
3,540.0,-0.5398933641277351,0.8355879961758595,True
3,550.0,-0.7976070661673187,0.7284853511393118,True
3,560.0,-0.884816991305628,0.6660264406499283,True
3,570.0,-0.7492697508832719,0.3493370613500725,True
3,580.0,-0.9218953842440369,0.01636054401148995,True
3,590.0,-1.0030768532020904,-0.02008351959638899,True
3,600.0,-0.9873199737404698,0.06480176021956512,True
3,610.0,-1.081081834914042,0.14451752312082333,True
3,620.0,-1.10041007474115,0.27360378568195914,True
3,630.0,-1.0203795774329802,0.07808322295117623,True
3,640.0,-0.6829027430512944,-0.09898620783533452,True
3,650.0,-0.5359304442301134,-0.3337060582811179,True
3,660.0,-0.6317886850140927,0.02531709578921797,True
3,670.0,-0.7822328118453282,0.4303467608488785,True
3,680.0,-0.5707320281051884,1.3797551253880276,True
3,690.0,-0.28080220067516876,1.3176355108252007,True
3,700.0,-0.735371252620112,0.7847059167495667,True
3,710.0,-0.8578771993793814,0.8103859714302984,True
3,720.0,-0.6480517210350142,1.1361056240690937,True
3,730.0,-0.21901932483107664,0.6692532610228614,True
3,740.0,0.2182864181620532,0.35082424198839335,True
3,750.0,0.17879574649207816,0.1447313547901145,True
3,760.0,0.4742486103627257,0.20590597174307057,True
3,770.0,-0.039133286691153554,0.5687968075832299,True
3,780.0,0.007216560043888747,0.6377125117339967,True
3,790.0,-0.40331816931062775,0.7648393549651163,True
3,800.0,-0.12501781169147813,0.11759029069689926,True
3,810.0,-0.18424845126449543,0.2660273204068942,True
3,820.0,-0.4285146310803385,0.4078070230995596,True
3,830.0,-0.5182609599653345,0.60278528356918,True
3,840.0,-0.4169113760005435,1.0890052800933037,True
3,850.0,0.4971555263790531,0.8078442658192939,True
3,860.0,1.203291999653106,0.2832860559835398,True
3,870.0,1.3495353408372555,0.04124556469503433,True
3,880.0,1.7635286768922962,-0.6559245366935494,True
3,890.0,0.7118306857825932,-0.9827512198117316,True
3,900.0,0.14803175069871297,-1.4223614202641885,True
3,910.0,-0.47240409436342023,-1.189261964933312,True
3,920.0,-0.8455501674836199,-0.5404814740077588,True
3,930.0,-1.1467722208367461,-0.611290256514398,True
3,940.0,-0.8146504543879833,-1.014646695446267,True
3,950.0,-1.01506493962038,-1.1600628456091218,True
3,960.0,-1.3503092388332707,-1.3457464083864616,True
3,970.0,-1.1025489821662686,-1.14562695390791,True
3,980.0,-1.350465199916085,-0.9573734182011976,True
3,990.0,-1.2201799336464907,-0.7962677238035377,True
3,1000.0,-0.9418313190497046,-0.9415962740841429,False
3,1010.0,-0.7386371873116929,-1.161670012435753,False
3,1020.0,-0.7754101532565156,-1.045675577708042,False
3,1030.0,-1.0945349353790685,-1.1500578678274995,False
3,1040.0,-1.0610693295852813,-0.5074409088861292,False
3,1050.0,-0.6497034410038526,0.30139661951170393,False
3,1060.0,-0.5000903907757853,0.8718243215718389,False
3,1070.0,-0.67904252230904,0.9227385670789794,False
3,1080.0,-0.4937004077889988,1.3028465914539982,False
3,1090.0,-0.32666267086258294,1.8785644528077665,False
4,-50.0,-1.0185229545814327,-0.3856771006809421,False
4,-40.0,-0.4860305289217494,-0.5262052012709387,False
4,-30.0,-0.17943298256152798,0.4848860865661141,False
4,-20.0,-0.3033894486467216,0.8539969014140862,False
4,-10.0,0.03534695077992577,1.9512573240790214,False
4,0.0,0.45059369484566547,1.5424590461184529,True
4,10.0,0.9085149774513411,1.2741802957468331,True
4,20.0,2.453817069367043,0.9763127028018953,True
4,30.0,1.67891266176601,0.6994018371330566,True
4,40.0,1.331598481277872,0.31742007213414275,True
4,50.0,0.5119487893646859,0.3021162096746728,True
4,60.0,-0.1860294288078298,0.03151548833698328,True
4,70.0,-0.6060955248785314,-0.3511778100894712,True
4,80.0,-0.7377326837324109,0.060595071549544736,True
4,90.0,-0.9347051502605631,-0.029167976640248994,True
4,100.0,-0.8166343705483758,0.08563273810631292,True
4,110.0,-0.12805324643628005,0.2306708287206816,True
4,120.0,-0.33828424623360925,0.18599640729935996,True
4,130.0,-0.3929822747806788,0.5021588851132085,True
4,140.0,-0.5369636454550513,0.9885634050377019,True
4,150.0,-0.7872465285500481,0.7403398640740555,True
4,160.0,-0.8500389562630712,0.5107795484551872,True
4,170.0,-0.43893507106533036,-0.032608439758642235,True
4,180.0,-0.029833285935846315,-0.6837689632294011,True
4,190.0,-0.44295361918587856,-1.2872910569272407,True
4,200.0,-0.9041105415385104,-1.2202732344132183,True
4,210.0,-0.8057010892264898,-0.7048367431091938,True
4,220.0,-1.0003216382412128,-0.4288968964865804,True
4,230.0,-1.1889556037826272,-0.613859583353761,True
4,240.0,-1.5330730064894282,-1.0057040326920665,True
4,250.0,-1.336480337293707,-0.5825775743562959,True
4,260.0,-1.2359224989301731,-0.3833757050115057,True
4,270.0,-1.1650841656008777,-0.11967262794290245,True
4,280.0,-0.997848324108404,0.11079274893987345,True
4,290.0,-0.7056776454284827,0.4075982285723214,True
4,300.0,-0.58361891936775,0.600036686892223,True
4,310.0,-0.5991309046488149,0.21825425030062845,True
4,320.0,-0.5174410919904219,0.31092323085247553,True
4,330.0,-0.3315615239835816,-0.5230345088809989,True
4,340.0,0.17656379086754087,-0.8305747025861894,True
4,350.0,0.3736825494596091,-1.159901823256893,True
4,360.0,-0.2348801514850135,-1.4512938816021572,True
4,370.0,-0.7943025646884846,-1.3481819902416243,True
4,380.0,-1.1187412298140096,-1.2723704655612658,True
4,390.0,-1.3731970044092134,-1.1071129551011438,True
4,400.0,-0.8375122878073764,-0.918250430052033,True
4,410.0,-0.9037613349622262,-0.41599540709593225,True
4,420.0,-0.9336133611342551,-0.21669715616744042,True
4,430.0,-1.2402640364062218,-0.44301973960106544,True
4,440.0,-1.240532085507094,-0.2714411163491402,True
4,450.0,-0.6330572207967896,-0.4682986075010598,True
4,460.0,-0.5600599842591811,-0.11303437060740916,True
4,470.0,-0.5454401456175583,0.3121145385922388,True
4,480.0,-0.689370078957786,0.2443783719129887,True
4,490.0,-0.7985759288594925,0.4100159890966872,True
4,500.0,-0.9316830559086134,0.11152979773279868,True
4,510.0,-1.0882655544501192,0.026713007167075545,True
4,520.0,-1.1624371366103219,0.16376959415795536,True
4,530.0,-1.1618917775585789,0.41255267536763185,True
4,540.0,-0.9807177966380234,0.7601703760831678,True
4,550.0,-1.0308519408317283,0.5723312590173205,True
4,560.0,-0.9841654280120801,0.28730922071422466,True
4,570.0,-0.9504484621488161,0.16921600906032025,True
4,580.0,-1.0844130394143119,-0.03969832343781381,True
4,590.0,-1.21171366911468,-0.5843855608408531,True
4,600.0,-1.2325158699727787,-1.012429404519491,True
4,610.0,-1.3729052636611685,-1.3123118036576882,True
4,620.0,-1.4244065384734783,-1.1077641357955332,True
4,630.0,-1.4850451664526203,-1.1996732942618853,True
4,640.0,-1.4347139111600646,-1.058497107931404,True
4,650.0,-1.4365992582372074,-1.1534540305430079,True
4,660.0,-1.26191408248815,-0.3893400806952492,True
4,670.0,-0.9799672191929357,0.39678078174806797,True
4,680.0,-0.30090703842126487,0.1542946163905101,True
4,690.0,0.2554989274514342,-0.37034829400047603,True
4,700.0,-0.41721657456680983,-1.057869507076414,True
4,710.0,-0.5485784836060114,-1.2258608150542643,True
4,720.0,-0.8910906432732182,-1.0236495197406417,True
4,730.0,-1.2774887419846483,-1.3002612043751645,True
4,740.0,-1.239621263783519,-0.8569012534282944,True
4,750.0,-1.386530224820885,-0.6167154621677258,True
4,760.0,-1.4338800814387673,-0.6181883890400215,True
4,770.0,-0.6309496212964945,-0.2689591353295292,True
4,780.0,-0.43712425809926625,0.055527011624456675,True
4,790.0,-0.3921859556311508,0.5802831246091953,True
4,800.0,-0.4272908913145627,0.7460496240224338,True
4,810.0,-0.8584893404084406,0.19644419803028515,True
4,820.0,-0.8405673423913146,0.17926553318971045,True
4,830.0,-0.8929913422827147,-0.1754413657351312,True
4,840.0,-1.133976345563431,-0.5484766320027105,True
4,850.0,-1.2830854104581622,-0.4380120543924548,True
4,860.0,-1.2736996197400559,-0.20612888551000366,True
4,870.0,-1.0704478319238324,0.2864018066907384,True
4,880.0,-0.777896738101562,0.5479560598496621,True
4,890.0,-0.7098204572298084,0.9733481901390986,True
4,900.0,0.18177607688641836,1.1749188436775857,True
4,910.0,-0.036455567466298314,1.0087406477811292,True
4,920.0,-0.2189914948450223,1.3351224709671854,True
4,930.0,-0.3407290062239196,1.5612368058013704,True
4,940.0,-0.26730004580068106,1.7015931328187899,True
4,950.0,-0.6018293169220676,1.2076090865418392,True
4,960.0,-0.7578816182959691,1.0308088653881102,True
4,970.0,-1.02571926885178,0.37576821573075925,True
4,980.0,-0.9790668262339823,-0.012689838840731972,True
4,990.0,-0.3054533867175066,0.029351550963319983,True
4,1000.0,-0.5051018474243999,-0.275482060093156,False
4,1010.0,-0.5422492686166971,0.2446280283009489,False
4,1020.0,-0.827374115436944,0.19791927677755225,False
4,1030.0,-0.8400537701199238,0.5002623115322175,False
4,1040.0,-0.6458587621576837,1.2395943798227858,False
4,1050.0,-0.728570950611388,1.1698949704516821,False
4,1060.0,-0.22420302778143336,0.6024821060738825,False
4,1070.0,-0.39505033090746633,0.5332292592456495,False
4,1080.0,-0.9024576215584723,-0.13233839358901317,False
4,1090.0,-1.15348727248187,-0.44753327622597533,False
5,-50.0,-0.2159100202254089,-1.4848751614305742,False
5,-40.0,-0.16716755854898924,-0.8497926376772378,False
5,-30.0,-0.018671264025146145,-0.6218088666906539,False
5,-20.0,0.04038788725365622,-0.6639813572888729,False
5,-10.0,-0.2948986138321398,-0.3926060394739878,False
5,0.0,-0.30795057525899483,0.19503956873312003,True
5,10.0,-0.26196859079986845,0.49645213318555764,True
5,20.0,-0.2997310968702689,-0.4676294147678073,True
5,30.0,0.1113547017494972,-0.6110202351526981,True
5,40.0,0.7220119172423733,-0.7462115279859015,True
5,50.0,1.7657367886514654,0.0800888779046531,True
5,60.0,1.4048419284173728,0.7699562079556868,True
5,70.0,0.8267640002148761,0.2226077955250604,True
5,80.0,0.42910814945930964,0.7622209410070591,True
5,90.0,-0.2753622309755264,0.6777087706409155,True
5,100.0,-0.7799161882635405,-0.16545378618556955,True
5,110.0,-1.1056416209602258,-0.8073044399623699,True
5,120.0,-0.9667612231020914,-0.5740908822380202,True
5,130.0,-1.0999007541597172,-0.6442812197824854,True
5,140.0,-1.1064877241890347,-0.6991499515563298,True
5,150.0,-0.9362084203811123,-0.3866129943225915,True
5,160.0,-0.8428062071629243,-0.40928528330998765,True
5,170.0,-0.8702971307544393,-0.0892565397526966,True
5,180.0,-1.2113831498533945,-0.46135722184094274,True
5,190.0,-1.2770531216061707,-0.521790419044426,True
5,200.0,-0.9623239280138187,-0.6839811964254423,True
5,210.0,-0.4159573580611011,-0.5338877455475313,True
5,220.0,-0.3717740422939932,-0.2579335865733041,True
5,230.0,-0.6079402297319195,-0.1641882962430222,True
5,240.0,-0.7857788384902832,-0.44180431902930734,True
5,250.0,-0.7409111045592529,-0.004403513803959343,True
5,260.0,0.8748897015898477,-0.23671509509228522,True
5,270.0,0.6776406631497627,-0.1673631455954087,True
5,280.0,0.8092098148964635,0.1393658095207179,True
5,290.0,1.4153879637502593,0.4895532019150298,True
5,300.0,1.510230258398922,0.6350832223896944,True
5,310.0,1.2426692460292448,0.4692038079801633,True
5,320.0,1.273792601929056,-0.1790242028271958,True
5,330.0,1.9686007567049946,-0.9341499547761932,True
5,340.0,1.2315428383268059,-0.9370053493023287,True
5,350.0,0.9176278933508742,-1.5574676219568446,True
5,360.0,0.5475213897441964,-1.9699669218193103,True
5,370.0,1.573742516281903,-1.9806390004754526,True
5,380.0,1.7958046964306544,-0.8787622808489005,True
5,390.0,1.49502102327706,-0.4388928342448783,True
5,400.0,2.365450672882664,-0.2647888231343743,True
5,410.0,1.6894151230642338,0.32630259292564623,True
5,420.0,0.8936004063477935,1.1270731715974542,True
5,430.0,0.49333696735892163,0.8695366224271146,True
5,440.0,-0.05819129877691537,0.5007672381452263,True
5,450.0,-0.6455400018069659,-0.07787969090279784,True
5,460.0,-0.433677101911272,0.18179619931084404,True
5,470.0,-0.29592171488607694,0.7385391921520902,True
5,480.0,-0.39857060210571366,0.7849578843628587,True
5,490.0,-0.48089357608695066,0.7252707945488998,True
5,500.0,0.35682960673167324,0.9702573320548838,True
5,510.0,1.3964632234222063,1.4345278860482595,True
5,520.0,0.7366958304792703,1.086845833140422,True
5,530.0,0.29189745068775214,0.6212062020384322,True
5,540.0,-0.276317044536744,-0.045302000078626156,True
5,550.0,-0.57937908616164,-0.023638522931434394,True
5,560.0,-0.5390765711727846,0.6507807820407799,True
5,570.0,0.08684779387782016,1.020776972685683,True
5,580.0,0.3181074052689677,0.5183459349160262,True
5,590.0,0.6781145374479066,0.841679855382718,True
5,600.0,0.3647387622371063,0.7568231920397004,True
5,610.0,0.30125276235831205,1.02877949744947,True
5,620.0,-0.1229236356011594,0.2798369442620514,True
5,630.0,-0.255045421955095,-0.052437693353741925,True
5,640.0,-0.3423781667805724,0.07107465626794042,True
5,650.0,-0.4529814890741587,0.10026860546686975,True
5,660.0,-0.5965629126764169,0.1896060199546845,True
5,670.0,-0.3419447193587625,0.595270330792561,True
5,680.0,-0.25103883564614293,0.6092355041385853,True
5,690.0,-0.5614316669010065,0.23310468468938586,True
5,700.0,-0.7098986149185648,-0.22616658400287515,True
5,710.0,-0.1697599153460956,-1.148901167893184,True
5,720.0,2.65480791577333,-1.2721036413765596,True
5,730.0,3.279558172778825,-0.6894248582851791,True
5,740.0,5.380285044685066,-1.6277352315099847,True
5,750.0,3.517968510070171,-1.4247700491986055,True
5,760.0,1.7409072252069215,-0.6685804329428076,True
5,770.0,0.40446037939177704,-0.17469099619778825,True
5,780.0,-0.25913460989050724,0.030518855795877844,True
5,790.0,1.2720968327098772,-0.23364312548633795,True
5,800.0,0.8153266873633072,-0.29208760823549346,True
5,810.0,0.5561203461074415,-0.834403822838186,True
5,820.0,0.747151103454268,-1.3540581339025564,True
5,830.0,1.8763859980705089,-2.0423867745676145,True
5,840.0,1.8030776925530783,-2.268403942628312,True
5,850.0,2.2802285536315776,-2.067457363001257,True
5,860.0,2.6724963711813152,-1.9613924312543924,True
5,870.0,1.4688131267631446,-1.5202150018225158,True
5,880.0,0.14618345408931693,-1.5224435617800094,True
5,890.0,-0.5270079187940332,-1.0163375356387838,True
5,900.0,-0.7133090441530701,-0.757208699984485,True
5,910.0,0.35419408123192286,-1.4730863210402154,True
5,920.0,0.12649360732265547,-1.2243836633064733,True
5,930.0,-0.059755833135116926,-0.19596602040849762,True
5,940.0,0.3182899158120776,0.4973094138548288,True
5,950.0,-0.07712167513101825,0.7971712063207265,True
5,960.0,1.3271164861615372,0.6699658202810076,True
5,970.0,2.651143838217628,0.7605911617627756,True
5,980.0,3.0935260696878877,-0.20665859486324223,True
5,990.0,2.1931747250564717,0.038416394106694146,True
5,1000.0,2.3985910316530257,-0.3001491485575003,False
5,1010.0,1.4732925885498773,-0.17796190677061302,False
5,1020.0,0.8439714516957699,0.5890252062225579,False
5,1030.0,0.4454475489741362,1.334630930041904,False
5,1040.0,0.05393668172069727,1.685565047227524,False
5,1050.0,-0.11511587721935827,1.9018646606434269,False
5,1060.0,-0.1940424699613635,1.6176209193692774,False
5,1070.0,-0.1049951391076132,1.2884403254560732,False
5,1080.0,-0.47018556130904987,0.766587199249003,False
5,1090.0,-0.675293850594609,0.24478373460295838,False
6,-50.0,-0.7606011750176358,0.2799068959608967,False
6,-40.0,0.6251572341955285,0.3398597390180411,False
6,-30.0,0.8223058009705132,-0.2812521893160767,False
6,-20.0,0.5733678387784922,0.18031501301974817,False
6,-10.0,0.551132151179605,0.1241970643254011,False
6,0.0,0.5890050162669436,-0.19778727068514537,True
6,10.0,-0.2153695746791646,-1.039017286209614,True
6,20.0,-0.9831715597124865,-1.4661745064678622,True
6,30.0,-1.012257575830888,-1.5814066428709743,True
6,40.0,-1.3488761237984952,-1.450017413302041,True
6,50.0,-0.8675875233017193,-2.3121284107643425,True
6,60.0,-0.17944403973682296,-2.3546638924132615,True
6,70.0,-0.34820661743760406,-1.9215664889646857,True
6,80.0,-0.8505619492684968,-1.4071386412903861,True
6,90.0,-1.087693409094469,-0.46508938464887717,True
6,100.0,-1.5195461871593476,-0.8986170721966322,True
6,110.0,-1.7146287317120843,-0.8166853986289058,True
6,120.0,-1.8245260600779116,-0.7744668892151856,True
6,130.0,-1.4376305410304056,-0.7782666049104652,True
6,140.0,-1.3274429351530423,-0.784615833623134,True
6,150.0,-0.7909949106070318,-1.1612637608919465,True
6,160.0,-0.6530360176367795,-1.2557821849675859,True
6,170.0,-0.8681134029974331,-1.0542735681149404,True
6,180.0,-1.1173490121405165,-0.9953178961387673,True
6,190.0,-1.5557811936459376,-1.5217244513526085,True
6,200.0,-1.902705025052219,-1.9138640566488963,True
6,210.0,-1.8266053716884705,-2.347196071257446,True
6,220.0,-1.4421070167483674,-1.9048383104833588,True
6,230.0,-0.6221242626552933,-2.0630308697534936,True
6,240.0,-0.5522122698717615,-2.9568967132604835,True
6,250.0,-1.0437417782927263,-4.023589676580547,True
6,260.0,-1.3532753380487361,-3.3481971696796187,True
6,270.0,-1.90497193448974,-3.1268067137512814,True
6,280.0,-1.8254305363139232,-2.165369629633358,True
6,290.0,-2.058910096271812,-2.224915395274847,True
6,300.0,-2.2693840152615965,-2.4479286784398737,True
6,310.0,-2.2924928805943376,-2.5397614122331236,True
6,320.0,-2.4930301575448124,-2.9676671312372966,True
6,330.0,-2.3645887622640154,-2.7135850362673373,True
6,340.0,-2.312748280417568,-2.5952005098832016,True
6,350.0,-2.0602663430234314,-2.0347355470403783,True
6,360.0,-2.1798961801543766,-2.5015504251794924,True
6,370.0,-2.104837727595272,-2.2128690923147714,True
6,380.0,-2.080746204361497,-2.0719783025851792,True
6,390.0,-2.0214161474667978,-2.0908759183121353,True
6,400.0,-1.7805964884110987,-1.7571880467896375,True
6,410.0,-1.9387793872594117,-2.00203774156609,True
6,420.0,-2.1141398721465436,-2.3336745338531855,True
6,430.0,-2.086796582170959,-2.350816645534283,True
6,440.0,-2.1131922121908895,-2.317029429265075,True
6,450.0,-2.1665920981766362,-2.434491752427226,True
6,460.0,-2.2735335024990944,-2.713887780804456,True
6,470.0,-2.5562369593687984,-3.1764294589112545,True
6,480.0,-2.3891465813313513,-2.857637283387969,True
6,490.0,-2.443876654826029,-2.6107173531663097,True
6,500.0,-2.199765841947808,-2.023861244357377,True
6,510.0,-2.3143158557583905,-2.172200970817656,True
6,520.0,-1.7531733244042704,-1.843575674922156,True
6,530.0,-0.9134378329984051,-1.3369228690820547,True
6,540.0,-0.4986472808909343,-2.0662960232317458,True
6,550.0,-0.8097338726698524,-2.002092149977405,True
6,560.0,-1.601886398187019,-2.7008954608074176,True
6,570.0,-2.0945323983747897,-2.833924330233772,True
6,580.0,-2.437413575822073,-2.8413269143399016,True
6,590.0,-2.3120275745422383,-2.475232083411179,True
6,600.0,-2.411450526283937,-2.5749582045281003,True
6,610.0,-2.7685294233135838,-3.4005539877261826,True
6,620.0,-2.5078460451335136,-2.79150829080893,True
6,630.0,-2.1080476620430177,-1.9971149198742546,True
6,640.0,-1.8563341061862033,-1.4159061526420673,True
6,650.0,-2.01569213677554,-1.626721488129269,True
6,660.0,-1.8448481378789652,-1.2445404444569041,True
6,670.0,-1.737084903162799,-1.0642502567758199,True
6,680.0,-1.9298737435066136,-1.5196268753860949,True
6,690.0,-1.780809928380663,-1.249672852308607,True
6,700.0,-1.5376314073223551,-0.9175674359211333,True
6,710.0,-1.6756933468467599,-1.0045756067967495,True
6,720.0,-1.6767750782938395,-1.2201306294710634,True
6,730.0,-1.750326027400519,-1.4392958622731267,True
6,740.0,-1.9419338083876183,-1.513304995144223,True
6,750.0,-2.0148014313061484,-1.6609597847353348,True
6,760.0,-1.712799859750886,-1.8942365770224332,True
6,770.0,-1.9516956752040053,-2.5377258527227755,True
6,780.0,-1.799394343318606,-2.155360269857236,True
6,790.0,-2.7362719716510533,-3.701524888330733,True
6,800.0,-2.677582949945406,-3.3110019081490396,True
6,810.0,-2.6611496302679534,-3.065496898958437,True
6,820.0,-2.635993685816795,-2.533021097878292,True
6,830.0,-2.2923945003251234,-2.0149070932828423,True
6,840.0,-2.2215737811508087,-2.2040947526506023,True
6,850.0,-1.977400109300939,-1.602792379321366,True
6,860.0,-1.931033221842245,-1.5646429154664008,True
6,870.0,-1.8216462486172482,-1.346144128178259,True
6,880.0,-1.8749692875447919,-1.4454356801627777,True
6,890.0,-2.258533090555415,-2.1152293437620466,True
6,900.0,-2.208119769459108,-1.8344958376546354,True
6,910.0,-2.1619894374672137,-2.0465508695063295,True
6,920.0,-2.333677304526994,-2.230105359686985,True
6,930.0,-2.3987585573832306,-2.321182109161328,True
6,940.0,-2.261900952770323,-2.173667188634399,True
6,950.0,-1.711630755355503,-1.696884086631738,True
6,960.0,-1.9256519514226245,-1.8056059832681897,True
6,970.0,-2.410258852267874,-2.510521651048678,True
6,980.0,-2.2425660668519853,-1.826921944795717,True
6,990.0,-2.3529501267961863,-1.9167815070660428,True
6,1000.0,-2.2753211944088663,-1.966622281677003,False
6,1010.0,-1.8522926099783383,-1.5513166239590084,False
6,1020.0,-1.4918656217208763,-1.715859577174776,False
6,1030.0,-1.34849222697,-1.590672253675878,False
6,1040.0,-1.7579346703520566,-1.988407355765099,False
6,1050.0,-2.0989289051437487,-2.0418784258773863,False
6,1060.0,-2.4119225544022975,-2.31511893108848,False
6,1070.0,-2.681265760699849,-2.647132543712899,False
6,1080.0,-2.7057484924340263,-2.8378624122160767,False
6,1090.0,-2.8232342730397457,-3.2041301230277828,False
7,-50.0,-0.8565111739398595,-1.09018495193717,False
7,-40.0,-0.5859214699248783,-1.1744029499282713,False
7,-30.0,-0.6255068453190327,-0.5954201675963535,False
7,-20.0,-0.8081270036834439,-0.24751062528300755,False
7,-10.0,-0.01603138853068139,0.2120960206351388,False
7,0.0,0.7409261142734793,0.5238618616421344,True
7,10.0,1.5111778045333295,0.4413725408194774,True
7,20.0,1.8770677706941885,0.7143858557540367,True
7,30.0,0.9850692474596828,0.8082154440166102,True
7,40.0,0.23384553063434568,-0.055373093861357824,True
7,50.0,-0.21362110727476927,0.26700083459547574,True
7,60.0,-0.741633436026168,0.29661459715457433,True
7,70.0,-0.7349638080967977,0.6697707892671295,True
7,80.0,0.12336248206250011,0.22195288516286207,True
7,90.0,1.5918359828960682,-0.47311386493820595,True
7,100.0,2.5981219425815656,-0.8679694180086798,True
7,110.0,1.9206803199710551,0.08859694058058105,True
7,120.0,0.8606498259985998,0.09643117506693012,True
7,130.0,0.052860690728227834,0.7937591400820005,True
7,140.0,-0.15346917216800143,0.698993679160974,True
7,150.0,-0.5228525614218601,0.8081672575980886,True
7,160.0,-0.480527031727286,1.6439901272871258,True
7,170.0,-0.6270436377001618,1.6465234407415081,True
7,180.0,-0.6294690412156058,1.0288075707676443,True
7,190.0,-0.2019339372700854,0.4309389964093221,True
7,200.0,-0.24056864927492935,0.4720156772301841,True
7,210.0,-0.6046691420175727,0.1693217726908425,True
7,220.0,-0.4158747603361703,0.08304177243273422,True
7,230.0,-0.632979914057581,0.1316876809956603,True
7,240.0,-0.5897902169935031,0.6456705064112616,True
7,250.0,-0.6729474923918253,0.9637962642784762,True
7,260.0,-0.7904682701548291,0.981254767788572,True
7,270.0,-0.21733997431092508,1.469324621248988,True
7,280.0,-0.2521428656190124,1.534558964895377,True
7,290.0,-0.3716236391392164,1.6331739800036051,True
7,300.0,-0.724208968218785,1.3571845280895773,True
7,310.0,-0.8839077264571918,1.349505792903092,True
7,320.0,-0.476344678138303,1.2867563142827978,True
7,330.0,-0.08787155174222948,1.4407466302166125,True
7,340.0,-0.051804281316371166,1.6739351305708072,True
7,350.0,-0.2542589890761835,1.5832675739985471,True
7,360.0,-0.11437785289387115,2.1561370604448267,True
7,370.0,0.06884333661029919,2.999388612407688,True
7,380.0,0.1653155046601287,2.7029659524588885,True
7,390.0,-0.16719601101997458,2.0903491331993473,True
7,400.0,-0.24153992753299885,2.5807006658783784,True
7,410.0,-0.3348254824715142,2.5362067131214734,True
7,420.0,-0.039146787472583995,2.9183601724602615,True
7,430.0,-0.16432944980715525,2.6119576851397666,True
7,440.0,-0.1176322050060485,3.06679579522007,True
7,450.0,-0.18800167231907894,2.431004645226047,True
7,460.0,-0.5102948322965895,1.8408289807510139,True
7,470.0,-0.727756023287464,1.1728613670905625,True
7,480.0,-0.8847430183375433,0.8047182610727092,True
7,490.0,-0.3162261655796839,0.5859277281652742,True
7,500.0,0.34610642317561835,1.4690307891007492,True
7,510.0,0.22750232365348183,0.8499661017893095,True
7,520.0,0.6109201844547247,-0.4266111731229357,True
7,530.0,1.002051105119909,-0.8120603759047869,True
7,540.0,0.9571819503702568,-1.2712811605250736,True
7,550.0,0.2421844918218829,-1.393221711273172,True
7,560.0,-0.5273886433581746,-1.6041855723483358,True
7,570.0,-0.7081922769641936,-0.4965273701452802,True
7,580.0,-1.1089549138651538,-0.3974741097581164,True
7,590.0,0.2286708437303572,-0.06646139302700532,True
7,600.0,0.413928788627442,1.03713906120287,True
7,610.0,1.088684433396834,1.6365657378939236,True
7,620.0,1.3730578197979229,1.4103815264467678,True
7,630.0,0.6666459184984624,1.4619263351424294,True
7,640.0,-0.09477938089470245,1.481824371262392,True
7,650.0,-0.45112395955195106,1.5205122257636348,True
7,660.0,-0.7096527480949996,1.5533149402114264,True
7,670.0,-0.861232099324715,1.3281682059480244,True
7,680.0,-0.9566417800270772,0.9522455411837074,True
7,690.0,-0.690457021594386,1.5547742654154029,True
7,700.0,-0.3774142471613053,2.1464470281546943,True
7,710.0,-0.11073488889798723,2.9554692180627478,True
7,720.0,-0.32286129841027306,3.0830254517109923,True
7,730.0,-0.4879959763696026,3.1655130691572486,True
7,740.0,-0.2667382629203683,2.700097140529817,True
7,750.0,0.6642697352238511,2.212694534953257,True
7,760.0,0.4499408396416934,1.9847058960229247,True
7,770.0,1.0087899890513823,1.9083986845414702,True
7,780.0,1.6377991241779484,2.6268857365530667,True
7,790.0,1.3034477785657996,2.905797098629141,True
7,800.0,0.8389290468367872,3.1088228335520114,True
7,810.0,0.3037901198194855,3.486535724612559,True
7,820.0,-0.3437818809190501,2.7320811557660853,True
7,830.0,-0.8795256752499772,1.9283360401831844,True
7,840.0,-1.3422789894410254,0.7656131336194036,True
7,850.0,-1.195219650875047,0.8565652998823576,True
7,860.0,-1.14145852244736,0.8174735339223448,True
7,870.0,-0.8026498280989446,1.10874489516307,True
7,880.0,-0.6811740367239203,1.3888706146000063,True
7,890.0,-0.7489515870781976,1.3575071289013763,True
7,900.0,-0.5720962617593808,1.9602927022087877,True
7,910.0,-0.8263143761353426,1.7643759331285136,True
7,920.0,-0.7170760383615988,2.00319333045573,True
7,930.0,-0.5932255358133035,2.541997640232538,True
7,940.0,0.006374631032629051,2.3999544052372963,True
7,950.0,0.6667484757400334,3.3130992866602464,True
7,960.0,0.8795671692107919,3.13899132946695,True
7,970.0,1.9815666187443426,2.4220099876024723,True
7,980.0,1.2567961406999655,1.5749441160669715,True
7,990.0,0.8784991025535114,0.9196272953748373,True
7,1000.0,0.5577423230014019,0.45774495906913937,False
7,1010.0,1.124916732359138,-0.16451994384220206,False
7,1020.0,1.1015672576648823,-0.06840628523414266,False
7,1030.0,0.9254691906428179,-0.3088785283032486,False
7,1040.0,0.3384841234435323,-0.2079302523946201,False
7,1050.0,-0.18952894229362732,-0.1604984183065645,False
7,1060.0,-0.575638004662972,0.03586069538756337,False
7,1070.0,-0.7447073605737583,0.44494179328761374,False
7,1080.0,-0.6938775099000628,1.2654813416986894,False
7,1090.0,-0.9334466952900895,0.9371167956717846,False
