time_ms,psth_zscore,unit_id,channel,fov,condition,stim_name,stimulation_id
-500.0,-0.32274445286350945,913,284,lob6,sg007_lob6_stim002,sg007_lob6_stim1131713,0
-490.0,0.34169158445161385,913,284,lob6,sg007_lob6_stim002,sg007_lob6_stim1131713,0
-480.0,0.05676354276843737,913,284,lob6,sg007_lob6_stim002,sg007_lob6_stim1131713,0
-470.0,-0.28401626001556407,913,284,lob6,sg007_lob6_stim002,sg007_lob6_stim1131713,0
-460.0,-0.575948294074132,913,284,lob6,sg007_lob6_stim002,sg007_lob6_stim1131713,0
-450.0,-0.7598411974952473,913,284,lob6,sg007_lob6_stim002,sg007_lob6_stim1131713,0
-440.0,0.08129037491353958,913,284,lob6,sg007_lob6_stim002,sg007_lob6_stim1131713,0
-430.0,-0.058472956196466974,913,284,lob6,sg007_lob6_stim002,sg007_lob6_stim1131713,0
-420.0,0.14107243335118563,913,284,lob6,sg007_lob6_stim002,sg007_lob6_stim1131713,0
-410.0,-0.17662522252687607,913,284,lob6,sg007_lob6_stim002,sg007_lob6_stim1131713,0
-400.0,-0.4805512261517046,913,284,lob6,sg007_lob6_stim002,sg007_lob6_stim1131713,0
-390.0,-0.23225840125211814,913,284,lob6,sg007_lob6_stim002,sg007_lob6_stim1131713,0
-380.0,0.058797754233117436,913,284,lob6,sg007_lob6_stim002,sg007_lob6_stim1131713,0
-370.0,-0.17436795765123708,913,284,lob6,sg007_lob6_stim002,sg007_lob6_stim1131713,0
-360.0,0.013767103889846782,913,284,lob6,sg007_lob6_stim002,sg007_lob6_stim1131713,0
-350.0,-0.26373032051712675,913,284,lob6,sg007_lob6_stim002,sg007_lob6_stim1131713,0
-340.0,0.8686629278011369,913,284,lob6,sg007_lob6_stim002,sg007_lob6_stim1131713,0
-330.0,0.9804663435408891,913,284,lob6,sg007_lob6_stim002,sg007_lob6_stim1131713,0
-320.0,0.43480040909911827,913,284,lob6,sg007_lob6_stim002,sg007_lob6_stim1131713,0
-310.0,-0.13280603565347682,913,284,lob6,sg007_lob6_stim002,sg007_lob6_stim1131713,0
-300.0,-0.07939528232595819,913,284,lob6,sg007_lob6_stim002,sg007_lob6_stim1131713,0
-290.0,-0.35317354180010274,913,284,lob6,sg007_lob6_stim002,sg007_lob6_stim1131713,0
-280.0,-0.5701008999587258,913,284,lob6,sg007_lob6_stim002,sg007_lob6_stim1131713,0
-270.0,-0.7286363448123633,913,284,lob6,sg007_lob6_stim002,sg007_lob6_stim1131713,0
-260.0,-0.8231598027855493,913,284,lob6,sg007_lob6_stim002,sg007_lob6_stim1131713,0
-250.0,-0.8668776824903963,913,284,lob6,sg007_lob6_stim002,sg007_lob6_stim1131713,0
-240.0,-0.8822594272816047,913,284,lob6,sg007_lob6_stim002,sg007_lob6_stim1131713,0
-230.0,-0.42258048593118913,913,284,lob6,sg007_lob6_stim002,sg007_lob6_stim1131713,0
-220.0,-0.4779394087825267,913,284,lob6,sg007_lob6_stim002,sg007_lob6_stim1131713,0
-210.0,-0.6060928054832837,913,284,lob6,sg007_lob6_stim002,sg007_lob6_stim1131713,0
-200.0,-0.7368326709528743,913,284,lob6,sg007_lob6_stim002,sg007_lob6_stim1131713,0
-190.0,-0.3608242915844575,913,284,lob6,sg007_lob6_stim002,sg007_lob6_stim1131713,0
-180.0,0.006100575943683753,913,284,lob6,sg007_lob6_stim002,sg007_lob6_stim1131713,0
-170.0,-0.19162329984904608,913,284,lob6,sg007_lob6_stim002,sg007_lob6_stim1131713,0
-160.0,0.00931797256253708,913,284,lob6,sg007_lob6_stim002,sg007_lob6_stim1131713,0
-150.0,0.19922756361002558,913,284,lob6,sg007_lob6_stim002,sg007_lob6_stim1131713,0
-140.0,-0.11362635862356334,913,284,lob6,sg007_lob6_stim002,sg007_lob6_stim1131713,0
-130.0,0.033834609169847124,913,284,lob6,sg007_lob6_stim002,sg007_lob6_stim1131713,0
-120.0,-0.25857778033378936,913,284,lob6,sg007_lob6_stim002,sg007_lob6_stim1131713,0
-110.0,-0.5217731355238905,913,284,lob6,sg007_lob6_stim002,sg007_lob6_stim1131713,0
-100.0,-0.7111458457949913,913,284,lob6,sg007_lob6_stim002,sg007_lob6_stim1131713,0
-90.0,-0.8184740422967574,913,284,lob6,sg007_lob6_stim002,sg007_lob6_stim1131713,0
-80.0,-0.4020462009566434,913,284,lob6,sg007_lob6_stim002,sg007_lob6_stim1131713,0
-70.0,-0.4727868685991894,913,284,lob6,sg007_lob6_stim002,sg007_lob6_stim1131713,0
-60.0,-0.14126132394953067,913,284,lob6,sg007_lob6_stim002,sg007_lob6_stim1131713,0
-50.0,0.13645677394423605,913,284,lob6,sg007_lob6_stim002,sg007_lob6_stim1131713,0
-40.0,0.32981183584810114,913,284,lob6,sg007_lob6_stim002,sg007_lob6_stim1131713,0
-30.0,0.901815920652105,913,284,lob6,sg007_lob6_stim002,sg007_lob6_stim1131713,0
-20.0,0.43104375177971144,913,284,lob6,sg007_lob6_stim002,sg007_lob6_stim1131713,0
-10.0,0.3737866159530156,913,284,lob6,sg007_lob6_stim002,sg007_lob6_stim1131713,0
0.0,-0.08847879416623383,913,284,lob6,sg007_lob6_stim002,sg007_lob6_stim1131713,0
10.0,1.4012621459525016,913,284,lob6,sg007_lob6_stim002,sg007_lob6_stim1131713,0
20.0,0.9475153030706981,913,284,lob6,sg007_lob6_stim002,sg007_lob6_stim1131713,0
30.0,0.775927625259424,913,284,lob6,sg007_lob6_stim002,sg007_lob6_stim1131713,0
40.0,0.1467856596468906,913,284,lob6,sg007_lob6_stim002,sg007_lob6_stim1131713,0
50.0,-0.34954592017375785,913,284,lob6,sg007_lob6_stim002,sg007_lob6_stim1131713,0
60.0,-0.6543033086616941,913,284,lob6,sg007_lob6_stim002,sg007_lob6_stim1131713,0
70.0,-0.803875423834288,913,284,lob6,sg007_lob6_stim002,sg007_lob6_stim1131713,0
80.0,-0.8629748944456799,913,284,lob6,sg007_lob6_stim002,sg007_lob6_stim1131713,0
90.0,-0.8816370543555443,913,284,lob6,sg007_lob6_stim002,sg007_lob6_stim1131713,0
100.0,-0.8863973721458842,913,284,lob6,sg007_lob6_stim002,sg007_lob6_stim1131713,0
110.0,-0.4234394880187319,913,284,lob6,sg007_lob6_stim002,sg007_lob6_stim1131713,0
120.0,-0.47809500201404187,913,284,lob6,sg007_lob6_stim002,sg007_lob6_stim1131713,0
130.0,-0.14227591926858857,913,284,lob6,sg007_lob6_stim002,sg007_lob6_stim1131713,0
140.0,0.1363011807127209,913,284,lob6,sg007_lob6_stim002,sg007_lob6_stim1131713,0
150.0,-0.13400505036659394,913,284,lob6,sg007_lob6_stim002,sg007_lob6_stim1131713,0
160.0,0.028682068986509768,913,284,lob6,sg007_lob6_stim002,sg007_lob6_stim1131713,0
170.0,-0.25959237565284726,913,284,lob6,sg007_lob6_stim002,sg007_lob6_stim1131713,0
180.0,-0.5219287287554056,913,284,lob6,sg007_lob6_stim002,sg007_lob6_stim1131713,0
190.0,-0.7111458457949913,913,284,lob6,sg007_lob6_stim002,sg007_lob6_stim1131713,0
200.0,-0.8184740422967574,913,284,lob6,sg007_lob6_stim002,sg007_lob6_stim1131713,0
210.0,-0.4020462009566434,913,284,lob6,sg007_lob6_stim002,sg007_lob6_stim1131713,0
220.0,-0.4727868685991894,913,284,lob6,sg007_lob6_stim002,sg007_lob6_stim1131713,0
230.0,-0.6050782101642258,913,284,lob6,sg007_lob6_stim002,sg007_lob6_stim1131713,0
240.0,-0.27286019150666413,913,284,lob6,sg007_lob6_stim002,sg007_lob6_stim1131713,0
250.0,-0.4153242123482524,913,284,lob6,sg007_lob6_stim002,sg007_lob6_stim1131713,0
260.0,-0.5857141137402531,913,284,lob6,sg007_lob6_stim002,sg007_lob6_stim1131713,0
270.0,-0.731680130769537,913,284,lob6,sg007_lob6_stim002,sg007_lob6_stim1131713,0
280.0,-0.8236265824800947,913,284,lob6,sg007_lob6_stim002,sg007_lob6_stim1131713,0
290.0,-0.4030607962757013,913,284,lob6,sg007_lob6_stim002,sg007_lob6_stim1131713,0
300.0,0.4546913105986856,913,284,lob6,sg007_lob6_stim002,sg007_lob6_stim1131713,0
310.0,0.21355572073757467,913,284,lob6,sg007_lob6_stim002,sg007_lob6_stim1131713,0
320.0,0.28977813245665274,913,284,lob6,sg007_lob6_stim002,sg007_lob6_stim1131713,0
330.0,-0.1141656193241169,913,284,lob6,sg007_lob6_stim002,sg007_lob6_stim1131713,0
340.0,0.0036443518060210733,913,284,lob6,sg007_lob6_stim002,sg007_lob6_stim1131713,0
350.0,-0.2816057818325757,913,284,lob6,sg007_lob6_stim002,sg007_lob6_stim1131713,0
360.0,-0.06818545391706643,913,284,lob6,sg007_lob6_stim002,sg007_lob6_stim1131713,0
370.0,-0.3049522298893126,913,284,lob6,sg007_lob6_stim002,sg007_lob6_stim1131713,0
380.0,-0.5378582891711264,913,284,lob6,sg007_lob6_stim002,sg007_lob6_stim1131713,0
390.0,-0.7154393838907858,913,284,lob6,sg007_lob6_stim002,sg007_lob6_stim1131713,0
400.0,-0.355516158169605,913,284,lob6,sg007_lob6_stim002,sg007_lob6_stim1131713,0
410.0,0.47093205747743677,913,284,lob6,sg007_lob6_stim002,sg007_lob6_stim1131713,0
420.0,1.1454830312627595,913,284,lob6,sg007_lob6_stim002,sg007_lob6_stim1131713,0
430.0,1.1092710654459959,913,284,lob6,sg007_lob6_stim002,sg007_lob6_stim1131713,0
440.0,0.9124451840854102,913,284,lob6,sg007_lob6_stim002,sg007_lob6_stim1131713,0
450.0,0.2503030240663616,913,284,lob6,sg007_lob6_stim002,sg007_lob6_stim1131713,0
460.0,0.6435717664591519,913,284,lob6,sg007_lob6_stim002,sg007_lob6_stim1131713,0
470.0,0.6604659950012043,913,284,lob6,sg007_lob6_stim002,sg007_lob6_stim1131713,0
480.0,0.18018266759440077,913,284,lob6,sg007_lob6_stim002,sg007_lob6_stim1131713,0
490.0,-0.27706260343163414,913,284,lob6,sg007_lob6_stim002,sg007_lob6_stim1131713,0
500.0,-0.14099588344117472,913,284,lob6,sg007_lob6_stim002,sg007_lob6_stim1131713,0
510.0,0.09042024590307689,913,284,lob6,sg007_lob6_stim002,sg007_lob6_stim1131713,0
520.0,-0.16593647469116302,913,284,lob6,sg007_lob6_stim002,sg007_lob6_stim1131713,0
530.0,0.015485108064932307,913,284,lob6,sg007_lob6_stim002,sg007_lob6_stim1131713,0
540.0,-0.26341913405409645,913,284,lob6,sg007_lob6_stim002,sg007_lob6_stim1131713,0
550.0,0.8686629278011369,913,284,lob6,sg007_lob6_stim002,sg007_lob6_stim1131713,0
560.0,0.516649457326194,913,284,lob6,sg007_lob6_stim002,sg007_lob6_stim1131713,0
570.0,0.4893003298629131,913,284,lob6,sg007_lob6_stim002,sg007_lob6_stim1131713,0
580.0,0.45900865403045993,913,284,lob6,sg007_lob6_stim002,sg007_lob6_stim1131713,0
590.0,0.4606615485945327,913,284,lob6,sg007_lob6_stim002,sg007_lob6_stim1131713,0
600.0,1.4074047856719192,913,284,lob6,sg007_lob6_stim002,sg007_lob6_stim1131713,0
610.0,1.3146382770434966,913,284,lob6,sg007_lob6_stim002,sg007_lob6_stim1131713,0
620.0,1.06645193402369,913,284,lob6,sg007_lob6_stim002,sg007_lob6_stim1131713,0
630.0,1.271364623219913,913,284,lob6,sg007_lob6_stim002,sg007_lob6_stim1131713,0
640.0,1.041795504388074,913,284,lob6,sg007_lob6_stim002,sg007_lob6_stim1131713,0
650.0,0.36535221209013435,913,284,lob6,sg007_lob6_stim002,sg007_lob6_stim1131713,0
660.0,-0.20515692194974292,913,284,lob6,sg007_lob6_stim002,sg007_lob6_stim1131713,0
670.0,-0.11874359429154346,913,284,lob6,sg007_lob6_stim002,sg007_lob6_stim1131713,0
680.0,-0.3679329136652506,913,284,lob6,sg007_lob6_stim002,sg007_lob6_stim1131713,0
690.0,-0.5742388448230054,913,284,lob6,sg007_lob6_stim002,sg007_lob6_stim1131713,0
700.0,-0.265678460685211,913,284,lob6,sg007_lob6_stim002,sg007_lob6_stim1131713,0
710.0,0.513635341863226,913,284,lob6,sg007_lob6_stim002,sg007_lob6_stim1131713,0
720.0,1.1607091828224525,913,284,lob6,sg007_lob6_stim002,sg007_lob6_stim1131713,0
730.0,0.6495921240955804,913,284,lob6,sg007_lob6_stim002,sg007_lob6_stim1131713,0
740.0,0.04017033450735766,913,284,lob6,sg007_lob6_stim002,sg007_lob6_stim1131713,0
750.0,-0.44017751013468187,913,284,lob6,sg007_lob6_stim002,sg007_lob6_stim1131713,0
760.0,0.21167330796542566,913,284,lob6,sg007_lob6_stim002,sg007_lob6_stim1131713,0
770.0,-0.016700977391348015,913,284,lob6,sg007_lob6_stim002,sg007_lob6_stim1131713,0
780.0,0.15153310694937555,913,284,lob6,sg007_lob6_stim002,sg007_lob6_stim1131713,0
790.0,-0.17459603188876033,913,284,lob6,sg007_lob6_stim002,sg007_lob6_stim1131713,0
800.0,0.911210618955411,913,284,lob6,sg007_lob6_stim002,sg007_lob6_stim1131713,0
810.0,0.9956924951005823,913,284,lob6,sg007_lob6_stim002,sg007_lob6_stim1131713,0
820.0,0.9027552401780928,913,284,lob6,sg007_lob6_stim002,sg007_lob6_stim1131713,0
830.0,0.27736993188496606,913,284,lob6,sg007_lob6_stim002,sg007_lob6_stim1131713,0
840.0,-0.2617374133274797,913,284,lob6,sg007_lob6_stim002,sg007_lob6_stim1131713,0
850.0,-0.6119112107389353,913,284,lob6,sg007_lob6_stim002,sg007_lob6_stim1131713,0
860.0,-0.7886492722745947,913,284,lob6,sg007_lob6_stim002,sg007_lob6_stim1131713,0
870.0,-0.8588369495814004,913,284,lob6,sg007_lob6_stim002,sg007_lob6_stim1131713,0
880.0,-0.8807780522680015,913,284,lob6,sg007_lob6_stim002,sg007_lob6_stim1131713,0
890.0,-0.422424892699674,913,284,lob6,sg007_lob6_stim002,sg007_lob6_stim1131713,0
900.0,-0.4779394087825267,913,284,lob6,sg007_lob6_stim002,sg007_lob6_stim1131713,0
910.0,-0.14227591926858857,913,284,lob6,sg007_lob6_stim002,sg007_lob6_stim1131713,0
920.0,0.1363011807127209,913,284,lob6,sg007_lob6_stim002,sg007_lob6_stim1131713,0
930.0,-0.13400505036659394,913,284,lob6,sg007_lob6_stim002,sg007_lob6_stim1131713,0
940.0,-0.4351348172281853,913,284,lob6,sg007_lob6_stim002,sg007_lob6_stim1131713,0
950.0,-0.2050924548890524,913,284,lob6,sg007_lob6_stim002,sg007_lob6_stim1131713,0
960.0,0.06988596092853118,913,284,lob6,sg007_lob6_stim002,sg007_lob6_stim1131713,0
970.0,-0.17108901487450034,913,284,lob6,sg007_lob6_stim002,sg007_lob6_stim1131713,0
980.0,0.014470512745874436,913,284,lob6,sg007_lob6_stim002,sg007_lob6_stim1131713,0
990.0,-0.2635747272856116,913,284,lob6,sg007_lob6_stim002,sg007_lob6_stim1131713,0
1000.0,-0.5227877308429484,913,284,lob6,sg007_lob6_stim002,sg007_lob6_stim1131713,0
1010.0,-0.7113014390265064,913,284,lob6,sg007_lob6_stim002,sg007_lob6_stim1131713,0
1020.0,-0.3546571560820623,913,284,lob6,sg007_lob6_stim002,sg007_lob6_stim1131713,0
1030.0,0.007270764494256801,913,284,lob6,sg007_lob6_stim002,sg007_lob6_stim1131713,0
1040.0,0.7361660658118593,913,284,lob6,sg007_lob6_stim002,sg007_lob6_stim1131713,0
1050.0,0.36413501724964237,913,284,lob6,sg007_lob6_stim002,sg007_lob6_stim1131713,0
1060.0,0.35254892212244227,913,284,lob6,sg007_lob6_stim002,sg007_lob6_stim1131713,0
1070.0,-0.09378692758108637,913,284,lob6,sg007_lob6_stim002,sg007_lob6_stim1131713,0
1080.0,-0.4550199942253367,913,284,lob6,sg007_lob6_stim002,sg007_lob6_stim1131713,0
1090.0,-0.2260912657497229,913,284,lob6,sg007_lob6_stim002,sg007_lob6_stim1131713,0
1100.0,0.5237848289983856,913,284,lob6,sg007_lob6_stim002,sg007_lob6_stim1131713,0
1110.0,0.6989214872458733,913,284,lob6,sg007_lob6_stim002,sg007_lob6_stim1131713,0
1120.0,0.24058634510771038,913,284,lob6,sg007_lob6_stim002,sg007_lob6_stim1131713,0
1130.0,0.22266805874039433,913,284,lob6,sg007_lob6_stim002,sg007_lob6_stim1131713,0
1140.0,-0.18143984119584938,913,284,lob6,sg007_lob6_stim002,sg007_lob6_stim1131713,0
1150.0,0.43022168028129465,913,284,lob6,sg007_lob6_stim002,sg007_lob6_stim1131713,0
1160.0,0.11349962737768915,913,284,lob6,sg007_lob6_stim002,sg007_lob6_stim1131713,0
1170.0,-0.2546655297828674,913,284,lob6,sg007_lob6_stim002,sg007_lob6_stim1131713,0
1180.0,-0.5645489009156878,913,284,lob6,sg007_lob6_stim002,sg007_lob6_stim1131713,0
1190.0,-0.2927453685038155,913,284,lob6,sg007_lob6_stim002,sg007_lob6_stim1131713,0
1200.0,0.02749386300577221,913,284,lob6,sg007_lob6_stim002,sg007_lob6_stim1131713,0
1210.0,0.2775017197805015,913,284,lob6,sg007_lob6_stim002,sg007_lob6_stim1131713,0
1220.0,0.8834664195471902,913,284,lob6,sg007_lob6_stim002,sg007_lob6_stim1131713,0
1230.0,0.4262023980594044,913,284,lob6,sg007_lob6_stim002,sg007_lob6_stim1131713,0
1240.0,0.3727720206339577,913,284,lob6,sg007_lob6_stim002,sg007_lob6_stim1131713,0
1250.0,0.3751824988169461,913,284,lob6,sg007_lob6_stim002,sg007_lob6_stim1131713,0
1260.0,-0.044688433455378554,913,284,lob6,sg007_lob6_stim002,sg007_lob6_stim1131713,0
1270.0,0.0553834894634507,913,284,lob6,sg007_lob6_stim002,sg007_lob6_stim1131713,0
1280.0,0.6743641255104533,913,284,lob6,sg007_lob6_stim002,sg007_lob6_stim1131713,0
1290.0,0.2978753906969678,913,284,lob6,sg007_lob6_stim002,sg007_lob6_stim1131713,0
1300.0,-0.14835192860015922,913,284,lob6,sg007_lob6_stim002,sg007_lob6_stim1131713,0
1310.0,-0.05349856305792677,913,284,lob6,sg007_lob6_stim002,sg007_lob6_stim1131713,0
1320.0,-0.33100454238885924,913,284,lob6,sg007_lob6_stim002,sg007_lob6_stim1131713,0
1330.0,-0.5600272885823699,913,284,lob6,sg007_lob6_stim002,sg007_lob6_stim1131713,0
1340.0,-0.7255129952671417,913,284,lob6,sg007_lob6_stim002,sg007_lob6_stim1131713,0
1350.0,-0.8224563939295216,913,284,lob6,sg007_lob6_stim002,sg007_lob6_stim1131713,0
1360.0,-0.4029052030441862,913,284,lob6,sg007_lob6_stim002,sg007_lob6_stim1131713,0
1370.0,-0.47294246183070454,913,284,lob6,sg007_lob6_stim002,sg007_lob6_stim1131713,0
1380.0,-0.14126132394953067,913,284,lob6,sg007_lob6_stim002,sg007_lob6_stim1131713,0
1390.0,-0.32736011227045897,913,284,lob6,sg007_lob6_stim002,sg007_lob6_stim1131713,0
1400.0,-0.07950512960279904,913,284,lob6,sg007_lob6_stim002,sg007_lob6_stim1131713,0
1410.0,0.1566798724557515,913,284,lob6,sg007_lob6_stim002,sg007_lob6_stim1131713,0
1420.0,-0.12885251018325655,913,284,lob6,sg007_lob6_stim002,sg007_lob6_stim1131713,0
1430.0,-0.4341202219091274,913,284,lob6,sg007_lob6_stim002,sg007_lob6_stim1131713,0
1440.0,-0.6687537478722323,913,284,lob6,sg007_lob6_stim002,sg007_lob6_stim1131713,0
1450.0,-0.8032478907370642,913,284,lob6,sg007_lob6_stim002,sg007_lob6_stim1131713,0
1460.0,-0.3979082560923639,913,284,lob6,sg007_lob6_stim002,sg007_lob6_stim1131713,0
1470.0,-0.008110980296951578,913,284,lob6,sg007_lob6_stim002,sg007_lob6_stim1131713,0
1480.0,-0.19560565148181042,913,284,lob6,sg007_lob6_stim002,sg007_lob6_stim1131713,0
1490.0,0.4722758566896894,913,284,lob6,sg007_lob6_stim002,sg007_lob6_stim1131713,0
